run_id,clip,ground_truth,clip_num,split,enrollment,sim_Ayesha,sim_Sabeeh,top_speaker,top_score,second_score,margin,threshold,predicted,correct,closed_set_correct,failure_type
20260929-084616,Ayesha1.wav,Ayesha,1,dev,5s,0.8526,0.1855,Ayesha,0.8526,0.1855,0.6671,0.4854,Ayesha,True,1.0,
20260929-084616,Ayesha1.wav,Ayesha,1,dev,10s,0.8591,0.2226,Ayesha,0.8591,0.2226,0.6365,0.4854,Ayesha,True,1.0,
20260929-084616,Ayesha1.wav,Ayesha,1,dev,15s,0.8425,0.2351,Ayesha,0.8425,0.2351,0.6074,0.4854,Ayesha,True,1.0,
20260929-084616,Ayesha1.wav,Ayesha,1,dev,30s,0.8451,0.2181,Ayesha,0.8451,0.2181,0.627,0.4854,Ayesha,True,1.0,
20260929-084616,Ayesha1.wav,Ayesha,1,dev,mean_all,0.8683,0.2304,Ayesha,0.8683,0.2304,0.6379,0.4854,Ayesha,True,1.0,
20260929-084616,Ayesha2.wav,Ayesha,2,eval,5s,0.8492,0.1567,Ayesha,0.8492,0.1567,0.6925,0.4854,Ayesha,True,1.0,
20260929-084616,Ayesha2.wav,Ayesha,2,eval,10s,0.8685,0.2126,Ayesha,0.8685,0.2126,0.6559,0.4854,Ayesha,True,1.0,
20260929-084616,Ayesha2.wav,Ayesha,2,eval,15s,0.8466,0.2032,Ayesha,0.8466,0.2032,0.6434,0.4854,Ayesha,True,1.0,
20260929-084616,Ayesha2.wav,Ayesha,2,eval,30s,0.8662,0.2014,Ayesha,0.8662,0.2014,0.6648,0.4854,Ayesha,True,1.0,
20260929-084616,Ayesha2.wav,Ayesha,2,eval,mean_all,0.8766,0.207,Ayesha,0.8766,0.207,0.6696,0.4854,Ayesha,True,1.0,
20260929-084616,Ayesha3.wav,Ayesha,3,dev,5s,0.7207,0.1168,Ayesha,0.7207,0.1168,0.6039,0.4854,Ayesha,True,1.0,
20260929-084616,Ayesha3.wav,Ayesha,3,dev,10s,0.7565,0.1562,Ayesha,0.7565,0.1562,0.6003,0.4854,Ayesha,True,1.0,
20260929-084616,Ayesha3.wav,Ayesha,3,dev,15s,0.7451,0.0791,Ayesha,0.7451,0.0791,0.666,0.4854,Ayesha,True,1.0,
20260929-084616,Ayesha3.wav,Ayesha,3,dev,30s,0.7486,0.0832,Ayesha,0.7486,0.0832,0.6654,0.4854,Ayesha,True,1.0,
20260929-084616,Ayesha3.wav,Ayesha,3,dev,mean_all,0.7701,0.1164,Ayesha,0.7701,0.1164,0.6537,0.4854,Ayesha,True,1.0,
20260929-084616,Ayesha4.wav,Ayesha,4,eval,5s,0.7395,0.1799,Ayesha,0.7395,0.1799,0.5596,0.4854,Ayesha,True,1.0,
20260929-084616,Ayesha4.wav,Ayesha,4,eval,10s,0.8202,0.2073,Ayesha,0.8202,0.2073,0.6129,0.4854,Ayesha,True,1.0,
20260929-084616,Ayesha4.wav,Ayesha,4,eval,15s,0.8258,0.1786,Ayesha,0.8258,0.1786,0.6472,0.4854,Ayesha,True,1.0,
20260929-084616,Ayesha4.wav,Ayesha,4,eval,30s,0.8358,0.1945,Ayesha,0.8358,0.1945,0.6413,0.4854,Ayesha,True,1.0,
20260929-084616,Ayesha4.wav,Ayesha,4,eval,mean_all,0.8347,0.2034,Ayesha,0.8347,0.2034,0.6313,0.4854,Ayesha,True,1.0,
20260929-084616,Ayesha5.wav,Ayesha,5,dev,5s,0.727,0.2158,Ayesha,0.727,0.2158,0.5112,0.4854,Ayesha,True,1.0,
20260929-084616,Ayesha5.wav,Ayesha,5,dev,10s,0.7241,0.2159,Ayesha,0.7241,0.2159,0.5082,0.4854,Ayesha,True,1.0,
20260929-084616,Ayesha5.wav,Ayesha,5,dev,15s,0.715,0.1752,Ayesha,0.715,0.1752,0.5398,0.4854,Ayesha,True,1.0,
20260929-084616,Ayesha5.wav,Ayesha,5,dev,30s,0.759,0.1821,Ayesha,0.759,0.1821,0.5769,0.4854,Ayesha,True,1.0,
20260929-084616,Ayesha5.wav,Ayesha,5,dev,mean_all,0.7632,0.2111,Ayesha,0.7632,0.2111,0.5521,0.4854,Ayesha,True,1.0,
20260929-084616,Sabeeh1.wav,Sabeeh,1,dev,5s,0.1948,0.5523,Sabeeh,0.5523,0.1948,0.3575,0.4854,Sabeeh,True,1.0,
20260929-084616,Sabeeh1.wav,Sabeeh,1,dev,10s,0.2323,0.5671,Sabeeh,0.5671,0.2323,0.3348,0.4854,Sabeeh,True,1.0,
20260929-084616,Sabeeh1.wav,Sabeeh,1,dev,15s,0.2564,0.6706,Sabeeh,0.6706,0.2564,0.4142,0.4854,Sabeeh,True,1.0,
20260929-084616,Sabeeh1.wav,Sabeeh,1,dev,30s,0.2651,0.6832,Sabeeh,0.6832,0.2651,0.4181,0.4854,Sabeeh,True,1.0,
20260929-084616,Sabeeh1.wav,Sabeeh,1,dev,mean_all,0.2436,0.6616,Sabeeh,0.6616,0.2436,0.418,0.4854,Sabeeh,True,1.0,
20260929-084616,Sabeeh2.wav,Sabeeh,2,eval,5s,0.2384,0.578,Sabeeh,0.578,0.2384,0.3396,0.4854,Sabeeh,True,1.0,
20260929-084616,Sabeeh2.wav,Sabeeh,2,eval,10s,0.2803,0.6143,Sabeeh,0.6143,0.2803,0.334,0.4854,Sabeeh,True,1.0,
20260929-084616,Sabeeh2.wav,Sabeeh,2,eval,15s,0.2958,0.7091,Sabeeh,0.7091,0.2958,0.4133,0.4854,Sabeeh,True,1.0,
20260929-084616,Sabeeh2.wav,Sabeeh,2,eval,30s,0.2955,0.712,Sabeeh,0.712,0.2955,0.4165,0.4854,Sabeeh,True,1.0,
20260929-084616,Sabeeh2.wav,Sabeeh,2,eval,mean_all,0.2836,0.6991,Sabeeh,0.6991,0.2836,0.4155,0.4854,Sabeeh,True,1.0,
20260929-084616,Sabeeh3.wav,Sabeeh,3,dev,5s,0.2065,0.5141,Sabeeh,0.5141,0.2065,0.3076,0.4854,Sabeeh,True,1.0,
20260929-084616,Sabeeh3.wav,Sabeeh,3,dev,10s,0.2557,0.516,Sabeeh,0.516,0.2557,0.2603,0.4854,Sabeeh,True,1.0,
20260929-084616,Sabeeh3.wav,Sabeeh,3,dev,15s,0.2653,0.6301,Sabeeh,0.6301,0.2653,0.3648,0.4854,Sabeeh,True,1.0,
20260929-084616,Sabeeh3.wav,Sabeeh,3,dev,30s,0.2904,0.6399,Sabeeh,0.6399,0.2904,0.3495,0.4854,Sabeeh,True,1.0,
20260929-084616,Sabeeh3.wav,Sabeeh,3,dev,mean_all,0.2604,0.6153,Sabeeh,0.6153,0.2604,0.3549,0.4854,Sabeeh,True,1.0,
20260929-084616,Sabeeh4.wav,Sabeeh,4,eval,5s,0.254,0.4651,Sabeeh,0.4651,0.254,0.2111,0.4854,UNKNOWN,False,1.0,false_reject
20260929-084616,Sabeeh4.wav,Sabeeh,4,eval,10s,0.3048,0.4821,Sabeeh,0.4821,0.3048,0.1773,0.4854,UNKNOWN,False,1.0,false_reject
20260929-084616,Sabeeh4.wav,Sabeeh,4,eval,15s,0.305,0.589,Sabeeh,0.589,0.305,0.284,0.4854,Sabeeh,True,1.0,
20260929-084616,Sabeeh4.wav,Sabeeh,4,eval,30s,0.3291,0.6234,Sabeeh,0.6234,0.3291,0.2943,0.4854,Sabeeh,True,1.0,
20260929-084616,Sabeeh4.wav,Sabeeh,4,eval,mean_all,0.3043,0.5777,Sabeeh,0.5777,0.3043,0.2734,0.4854,Sabeeh,True,1.0,
20260929-084616,Sabeeh5.wav,Sabeeh,5,dev,5s,0.2489,0.4718,Sabeeh,0.4718,0.2489,0.2229,0.4854,UNKNOWN,False,1.0,false_reject
20260929-084616,Sabeeh5.wav,Sabeeh,5,dev,10s,0.3072,0.4688,Sabeeh,0.4688,0.3072,0.1616,0.4854,UNKNOWN,False,1.0,false_reject
20260929-084616,Sabeeh5.wav,Sabeeh,5,dev,15s,0.3123,0.5871,Sabeeh,0.5871,0.3123,0.2748,0.4854,Sabeeh,True,1.0,
20260929-084616,Sabeeh5.wav,Sabeeh,5,dev,30s,0.3285,0.6281,Sabeeh,0.6281,0.3285,0.2996,0.4854,Sabeeh,True,1.0,
20260929-084616,Sabeeh5.wav,Sabeeh,5,dev,mean_all,0.3054,0.5767,Sabeeh,0.5767,0.3054,0.2713,0.4854,Sabeeh,True,1.0,
20260929-084616,U1.wav,UNKNOWN,1,dev,5s,0.0781,0.0829,Sabeeh,0.0829,0.0781,0.0048,0.4854,UNKNOWN,True,,
20260929-084616,U1.wav,UNKNOWN,1,dev,10s,0.1274,0.1046,Ayesha,0.1274,0.1046,0.0228,0.4854,UNKNOWN,True,,
20260929-084616,U1.wav,UNKNOWN,1,dev,15s,0.1748,0.0957,Ayesha,0.1748,0.0957,0.0791,0.4854,UNKNOWN,True,,
20260929-084616,U1.wav,UNKNOWN,1,dev,30s,0.1399,0.156,Sabeeh,0.156,0.1399,0.0161,0.4854,UNKNOWN,True,,
20260929-084616,U1.wav,UNKNOWN,1,dev,mean_all,0.1428,0.1175,Ayesha,0.1428,0.1175,0.0253,0.4854,UNKNOWN,True,,
20260929-084616,U2.wav,UNKNOWN,2,eval,5s,0.3739,0.2651,Ayesha,0.3739,0.2651,0.1088,0.4854,UNKNOWN,True,,
20260929-084616,U2.wav,UNKNOWN,2,eval,10s,0.3799,0.1695,Ayesha,0.3799,0.1695,0.2104,0.4854,UNKNOWN,True,,
20260929-084616,U2.wav,UNKNOWN,2,eval,15s,0.4292,0.1821,Ayesha,0.4292,0.1821,0.2471,0.4854,UNKNOWN,True,,
20260929-084616,U2.wav,UNKNOWN,2,eval,30s,0.4413,0.2611,Ayesha,0.4413,0.2611,0.1802,0.4854,UNKNOWN,True,,
20260929-084616,U2.wav,UNKNOWN,2,eval,mean_all,0.4295,0.2348,Ayesha,0.4295,0.2348,0.1947,0.4854,UNKNOWN,True,,
20260929-084616,U3.wav,UNKNOWN,3,dev,5s,0.3871,0.3195,Ayesha,0.3871,0.3195,0.0676,0.4854,UNKNOWN,True,,
20260929-084616,U3.wav,UNKNOWN,3,dev,10s,0.3425,0.2669,Ayesha,0.3425,0.2669,0.0756,0.4854,UNKNOWN,True,,
20260929-084616,U3.wav,UNKNOWN,3,dev,15s,0.3622,0.2843,Ayesha,0.3622,0.2843,0.0779,0.4854,UNKNOWN,True,,
20260929-084616,U3.wav,UNKNOWN,3,dev,30s,0.4071,0.3298,Ayesha,0.4071,0.3298,0.0773,0.4854,UNKNOWN,True,,
20260929-084616,U3.wav,UNKNOWN,3,dev,mean_all,0.394,0.3211,Ayesha,0.394,0.3211,0.0729,0.4854,UNKNOWN,True,,
20260929-084616,U4.wav,UNKNOWN,4,eval,5s,0.132,0.1477,Sabeeh,0.1477,0.132,0.0157,0.4854,UNKNOWN,True,,
20260929-084616,U4.wav,UNKNOWN,4,eval,10s,0.1432,0.1557,Sabeeh,0.1557,0.1432,0.0125,0.4854,UNKNOWN,True,,
20260929-084616,U4.wav,UNKNOWN,4,eval,15s,0.1553,0.2326,Sabeeh,0.2326,0.1553,0.0773,0.4854,UNKNOWN,True,,
20260929-084616,U4.wav,UNKNOWN,4,eval,30s,0.1712,0.2823,Sabeeh,0.2823,0.1712,0.1111,0.4854,UNKNOWN,True,,
20260929-084616,U4.wav,UNKNOWN,4,eval,mean_all,0.1608,0.2189,Sabeeh,0.2189,0.1608,0.0581,0.4854,UNKNOWN,True,,
