test_audio,enrollment_duration,identified_speaker,confidence,all_scores,is_unknown,ground_truth,is_correct
Sabeeh1.wav,5s,UNKNOWN,0.5129,"{'Ayesha': np.float32(0.2959), 'Sabeeh': np.float32(0.5129)}",True,Sabeeh,False
Sabeeh2.wav,5s,UNKNOWN,0.5333,"{'Ayesha': np.float32(0.3106), 'Sabeeh': np.float32(0.5333)}",True,Sabeeh,False
Sabeeh3.wav,5s,UNKNOWN,0.4626,"{'Ayesha': np.float32(0.2807), 'Sabeeh': np.float32(0.4626)}",True,Sabeeh,False
Sabeeh4.wav,5s,UNKNOWN,0.4289,"{'Ayesha': np.float32(0.2794), 'Sabeeh': np.float32(0.4289)}",True,Sabeeh,False
Sabeeh5.wav,5s,UNKNOWN,0.439,"{'Ayesha': np.float32(0.2777), 'Sabeeh': np.float32(0.439)}",True,Sabeeh,False
Ayesha2.wav,5s,Ayesha,0.7668,"{'Ayesha': np.float32(0.7668), 'Sabeeh': np.float32(0.2751)}",False,Ayesha,True
Ayesha3.wav,5s,UNKNOWN,0.5706,"{'Ayesha': np.float32(0.5706), 'Sabeeh': np.float32(0.1964)}",True,Ayesha,False
Ayesha4.wav,5s,UNKNOWN,0.6572,"{'Ayesha': np.float32(0.6572), 'Sabeeh': np.float32(0.2349)}",True,Ayesha,False
Ayesha5.wav,5s,UNKNOWN,0.6125,"{'Ayesha': np.float32(0.6125), 'Sabeeh': np.float32(0.3983)}",True,Ayesha,False
Ayesha1.wav,5s,Ayesha,0.7529,"{'Ayesha': np.float32(0.7529), 'Sabeeh': np.float32(0.3563)}",False,Ayesha,True
U4.wav,5s,UNKNOWN,0.1507,"{'Ayesha': np.float32(0.1432), 'Sabeeh': np.float32(0.1507)}",True,UNKNOWN,True
U2.wav,5s,UNKNOWN,0.2425,"{'Ayesha': np.float32(0.2425), 'Sabeeh': np.float32(0.2261)}",True,UNKNOWN,True
U3.wav,5s,UNKNOWN,0.3042,"{'Ayesha': np.float32(0.3042), 'Sabeeh': np.float32(0.2796)}",True,UNKNOWN,True
U1.wav,5s,UNKNOWN,0.1404,"{'Ayesha': np.float32(0.1404), 'Sabeeh': np.float32(0.0619)}",True,UNKNOWN,True
Sabeeh1.wav,10s,UNKNOWN,0.5851,"{'Ayesha': np.float32(0.3057), 'Sabeeh': np.float32(0.5851)}",True,Sabeeh,False
Sabeeh2.wav,10s,UNKNOWN,0.6075,"{'Ayesha': np.float32(0.3331), 'Sabeeh': np.float32(0.6075)}",True,Sabeeh,False
Sabeeh3.wav,10s,UNKNOWN,0.5111,"{'Ayesha': np.float32(0.2954), 'Sabeeh': np.float32(0.5111)}",True,Sabeeh,False
Sabeeh4.wav,10s,UNKNOWN,0.4613,"{'Ayesha': np.float32(0.3098), 'Sabeeh': np.float32(0.4613)}",True,Sabeeh,False
Sabeeh5.wav,10s,UNKNOWN,0.4967,"{'Ayesha': np.float32(0.311), 'Sabeeh': np.float32(0.4967)}",True,Sabeeh,False
Ayesha2.wav,10s,Ayesha,0.7854,"{'Ayesha': np.float32(0.7854), 'Sabeeh': np.float32(0.3307)}",False,Ayesha,True
Ayesha3.wav,10s,UNKNOWN,0.6897,"{'Ayesha': np.float32(0.6897), 'Sabeeh': np.float32(0.2241)}",True,Ayesha,False
Ayesha4.wav,10s,Ayesha,0.7818,"{'Ayesha': np.float32(0.7818), 'Sabeeh': np.float32(0.298)}",False,Ayesha,True
Ayesha5.wav,10s,UNKNOWN,0.6745,"{'Ayesha': np.float32(0.6745), 'Sabeeh': np.float32(0.4202)}",True,Ayesha,False
Ayesha1.wav,10s,Ayesha,0.7795,"{'Ayesha': np.float32(0.7795), 'Sabeeh': np.float32(0.4042)}",False,Ayesha,True
U4.wav,10s,UNKNOWN,0.2094,"{'Ayesha': np.float32(0.2094), 'Sabeeh': np.float32(0.1861)}",True,UNKNOWN,True
U2.wav,10s,UNKNOWN,0.2719,"{'Ayesha': np.float32(0.2719), 'Sabeeh': np.float32(0.1839)}",True,UNKNOWN,True
U3.wav,10s,UNKNOWN,0.3205,"{'Ayesha': np.float32(0.2861), 'Sabeeh': np.float32(0.3205)}",True,UNKNOWN,True
U1.wav,10s,UNKNOWN,0.167,"{'Ayesha': np.float32(0.0903), 'Sabeeh': np.float32(0.167)}",True,UNKNOWN,True
Sabeeh1.wav,15s,UNKNOWN,0.6832,"{'Ayesha': np.float32(0.2627), 'Sabeeh': np.float32(0.6832)}",True,Sabeeh,False
Sabeeh2.wav,15s,Sabeeh,0.712,"{'Ayesha': np.float32(0.269), 'Sabeeh': np.float32(0.712)}",False,Sabeeh,True
Sabeeh3.wav,15s,UNKNOWN,0.6392,"{'Ayesha': np.float32(0.2277), 'Sabeeh': np.float32(0.6392)}",True,Sabeeh,False
Sabeeh4.wav,15s,UNKNOWN,0.6262,"{'Ayesha': np.float32(0.2352), 'Sabeeh': np.float32(0.6262)}",True,Sabeeh,False
Sabeeh5.wav,15s,UNKNOWN,0.6215,"{'Ayesha': np.float32(0.2325), 'Sabeeh': np.float32(0.6215)}",True,Sabeeh,False
Ayesha2.wav,15s,Ayesha,0.8214,"{'Ayesha': np.float32(0.8214), 'Sabeeh': np.float32(0.3034)}",False,Ayesha,True
Ayesha3.wav,15s,Ayesha,0.7425,"{'Ayesha': np.float32(0.7425), 'Sabeeh': np.float32(0.1496)}",False,Ayesha,True
Ayesha4.wav,15s,Ayesha,0.7837,"{'Ayesha': np.float32(0.7837), 'Sabeeh': np.float32(0.2145)}",False,Ayesha,True
Ayesha5.wav,15s,Ayesha,0.7098,"{'Ayesha': np.float32(0.7098), 'Sabeeh': np.float32(0.33)}",False,Ayesha,True
Ayesha1.wav,15s,Ayesha,0.8481,"{'Ayesha': np.float32(0.8481), 'Sabeeh': np.float32(0.3444)}",False,Ayesha,True
U4.wav,15s,UNKNOWN,0.2936,"{'Ayesha': np.float32(0.1579), 'Sabeeh': np.float32(0.2936)}",True,UNKNOWN,True
U2.wav,15s,UNKNOWN,0.2704,"{'Ayesha': np.float32(0.2704), 'Sabeeh': np.float32(0.2202)}",True,UNKNOWN,True
U3.wav,15s,UNKNOWN,0.27,"{'Ayesha': np.float32(0.2214), 'Sabeeh': np.float32(0.27)}",True,UNKNOWN,True
U1.wav,15s,UNKNOWN,0.1303,"{'Ayesha': np.float32(0.1303), 'Sabeeh': np.float32(0.0905)}",True,UNKNOWN,True
Sabeeh1.wav,30s,UNKNOWN,0.6736,"{'Ayesha': np.float32(0.2996), 'Sabeeh': np.float32(0.6736)}",True,Sabeeh,False
Sabeeh2.wav,30s,UNKNOWN,0.666,"{'Ayesha': np.float32(0.3237), 'Sabeeh': np.float32(0.666)}",True,Sabeeh,False
Sabeeh3.wav,30s,UNKNOWN,0.6081,"{'Ayesha': np.float32(0.2778), 'Sabeeh': np.float32(0.6081)}",True,Sabeeh,False
Sabeeh4.wav,30s,UNKNOWN,0.5852,"{'Ayesha': np.float32(0.2875), 'Sabeeh': np.float32(0.5852)}",True,Sabeeh,False
Sabeeh5.wav,30s,UNKNOWN,0.5982,"{'Ayesha': np.float32(0.2898), 'Sabeeh': np.float32(0.5982)}",True,Sabeeh,False
Ayesha2.wav,30s,Ayesha,0.8215,"{'Ayesha': np.float32(0.8215), 'Sabeeh': np.float32(0.3551)}",False,Ayesha,True
Ayesha3.wav,30s,UNKNOWN,0.6684,"{'Ayesha': np.float32(0.6684), 'Sabeeh': np.float32(0.2088)}",True,Ayesha,False
Ayesha4.wav,30s,Ayesha,0.7609,"{'Ayesha': np.float32(0.7609), 'Sabeeh': np.float32(0.2921)}",False,Ayesha,True
Ayesha5.wav,30s,Ayesha,0.7104,"{'Ayesha': np.float32(0.7104), 'Sabeeh': np.float32(0.4064)}",False,Ayesha,True
Ayesha1.wav,30s,Ayesha,0.8248,"{'Ayesha': np.float32(0.8248), 'Sabeeh': np.float32(0.3981)}",False,Ayesha,True
U4.wav,30s,UNKNOWN,0.2795,"{'Ayesha': np.float32(0.1627), 'Sabeeh': np.float32(0.2795)}",True,UNKNOWN,True
U2.wav,30s,UNKNOWN,0.2867,"{'Ayesha': np.float32(0.2867), 'Sabeeh': np.float32(0.219)}",True,UNKNOWN,True
U3.wav,30s,UNKNOWN,0.365,"{'Ayesha': np.float32(0.2223), 'Sabeeh': np.float32(0.365)}",True,UNKNOWN,True
U1.wav,30s,UNKNOWN,0.0998,"{'Ayesha': np.float32(0.083), 'Sabeeh': np.float32(0.0998)}",True,UNKNOWN,True
